{
    "$schema": "http://schema.management.azure.com/schemas/2015-01-01/deploymentTemplate.json#",
    "contentVersion": "1.0.0.0",
    "parameters": {
        "FunctionName": {
            "defaultValue": "CymruScout",
            "minLength": 1,
            "maxLength": 11,
            "type": "string"
        },
        "CymruScoutBaseURL": {
            "type": "string",
            "metadata": {
                "description": "Base URL starting with \"https://\" followed by hostname (Ex: https://scout.cymru.com)."
            }
        },
        "AuthenticationType": {
            "type": "string",
            "defaultValue": "Basic Auth",
            "metadata": {
                "description": "Please select Authentication Type for Team Cymru Scout APIs. By default it is set to Basic Auth."
            },
            "allowedValues": [
                "API Key",
                "Basic Auth"
            ]
        },
        "Username": {
            "type": "string",
            "defaultValue": "",
            "metadata": {
                "description": "Enter the username for team cymru scout account. Required if Authentication Type is Basic Auth"
            }
        },
        "Password": {
            "type": "securestring",
            "defaultValue": "",
            "metadata": {
                "description": "Enter the password for team cymru scout account. Required if Authentication Type is Basic Auth"
            }
        },
        "APIKey": {
            "type": "securestring",
            "defaultValue": "",
            "metadata": {
                "description": "Enter the API Key for team cymru scout account. Required if Authentication Type is API Key"
            }
        },
        "IPValues": {
            "type": "string",
            "defaultValue": "",
            "metadata": {
                "description": "Enter comma separated ip values for which data should be collected. e.g. 1.2.3.4,10.20.30.40,2.4.3.6"
            }
        },
        "DomainValues": {
            "type": "string",
            "defaultValue": "",
            "metadata": {
                "description": "Enter comma separated domain values for which data should be collected. e.g. abc.com,xyz.com,def.ai"
            }
        },
        "APIType": {
            "type": "string",
            "defaultValue": "Foundation",
            "metadata": {
                "description": "Select the type of API to collect data for IP. By default it is set to Foundation."
            },
            "allowedValues": [
                "Foundation",
                "Details"
            ]
        },
         "AzureClientId": {
            "type": "string",
            "minLength": 1,
            "metadata": {
                "description": "Enter Azure Client Id that you have created during app registration"
            }
        },
        "AzureClientSecret": {
            "type": "securestring",
            "minLength": 1,
            "metadata": {
                "description": "Enter Azure Client Secret that you have created during creating the client secret"
            }
        },
        "TenantId":{
            "type": "string",
            "minLength": 1,
            "metadata": {
                "description": "Enter Tenant Id of your Microsoft Entra Id"
            }
        },
        "WorkspaceID": {
            "type": "string",
            "minLength": 1,
            "metadata": {
                "description": "Enter Workspace ID of Log Analytics Workspace"
            }
        },
        "WorkspaceKey": {
            "type": "securestring",
            "minLength": 1,
            "metadata": {
                "description": "Enter Primary Key of Log Analytics Workspace"
            }
        },
        "IPTableName": {
            "type": "string",
            "defaultValue": "IP_Data",
            "minLength": 1,
            "metadata": {
                "description": "Please do not keep this field as empty else you will get validation error"
            }
        },
        "DomainTableName": {
            "type": "string",
            "defaultValue": "Domain_Data",
            "minLength": 1,
            "metadata": {
                "description": "Please do not keep this field as empty else you will get validation error"
            }
        },
        "AccountUsageTableName": {
            "type": "string",
            "defaultValue": "Account_Usage_Data",
            "minLength": 1,
            "metadata": {
                "description": "Please do not keep this field as empty else you will get validation error"
            }
        },
        "Schedule": {
            "type": "string",
            "defaultValue": "0 0 0 * * *",
            "metadata": {
                "description": "Enter a valid Quartz cron-expression. The default value is every day at midnight(00:00) for ip and domain data collection."
            }
        },
        "AccountUsageSchedule": {
            "type": "string",
            "defaultValue": "0 */10 * * * *",
            "metadata": {
                "description": "Enter a valid Quartz cron-expression. The default value is every 10 minutes for Account usage."
            }
        },
        "LogLevel": {
            "type": "string",
            "defaultValue": "INFO",
            "metadata": {
                "description": "Please select log level or log severity value. By default it is set to INFO."
            },
            "allowedValues": [
                "DEBUG",
                "INFO",
                "ERROR"
            ]
        },
        "AppInsightsWorkspaceResourceID": {
            "type": "string",
            "metadata": {
                "description": "Migrate Classic Application Insights to Log Analytic Workspace which is retiring by 29 Febraury 2024. Use 'Log Analytic Workspace-->Properties' blade having 'Resource ID' property value. This is a fully qualified resourceId which is in format '/subscriptions/{subscriptionId}/resourceGroups/{resourceGroupName}/providers/Microsoft.OperationalInsights/workspaces/{workspaceName}'"
            }
        }
    },
    "variables": {
        "FunctionName": "[concat(toLower(parameters('FunctionName')), uniqueString(resourceGroup().id))]",
        "StorageSuffix": "[environment().suffixes.storage]",
        "LogAnaltyicsUri": "[replace(environment().portal, 'https://portal', concat('https://', toLower(parameters('WorkspaceID')), '.ods.opinsights'))]"
    },
    "resources": [
        {
            "type": "Microsoft.Insights/components",
            "apiVersion": "2020-02-02",
            "name": "[variables('FunctionName')]",
            "location": "[resourceGroup().location]",
            "kind": "web",
            "properties": {
                "Application_Type": "web",
                "ApplicationId": "[variables('FunctionName')]",
                "WorkspaceResourceId": "[parameters('AppInsightsWorkspaceResourceID')]"
            }
        },
        {
            "type": "Microsoft.Storage/storageAccounts",
            "apiVersion": "2019-06-01",
            "name": "[tolower(variables('FunctionName'))]",
            "location": "[resourceGroup().location]",
            "sku": {
                "name": "Standard_LRS",
                "tier": "Standard"
            },
            "kind": "StorageV2",
            "properties": {
                "networkAcls": {
                    "bypass": "AzureServices",
                    "virtualNetworkRules": [],
                    "ipRules": [],
                    "defaultAction": "Allow"
                },
                "supportsHttpsTrafficOnly": true,
                "allowBlobPublicAccess": false,
                "encryption": {
                    "requireInfrastructureEncryption": true,
                    "services": {
                        "file": {
                            "keyType": "Account",
                            "enabled": true
                        },
                        "blob": {
                            "keyType": "Account",
                            "enabled": true
                        }
                    },
                    "keySource": "Microsoft.Storage"
                }
            }
        },
        {
            "type": "Microsoft.Storage/storageAccounts/blobServices",
            "apiVersion": "2019-06-01",
            "name": "[concat(variables('FunctionName'), '/default')]",
            "dependsOn": [
                "[resourceId('Microsoft.Storage/storageAccounts', tolower(variables('FunctionName')))]"
            ],
            "sku": {
                "name": "Standard_LRS",
                "tier": "Standard"
            },
            "properties": {
                "cors": {
                    "corsRules": []
                },
                "deleteRetentionPolicy": {
                    "enabled": false
                }
            }
        },
        {
            "type": "Microsoft.Storage/storageAccounts/fileServices",
            "apiVersion": "2019-06-01",
            "name": "[concat(variables('FunctionName'), '/default')]",
            "dependsOn": [
                "[resourceId('Microsoft.Storage/storageAccounts', tolower(variables('FunctionName')))]"
            ],
            "sku": {
                "name": "Standard_LRS",
                "tier": "Standard"
            },
            "properties": {
                "cors": {
                    "corsRules": []
                }
            }
        },
        {
            "type": "Microsoft.Web/sites",
            "apiVersion": "2018-11-01",
            "name": "[variables('FunctionName')]",
            "location": "[resourceGroup().location]",
            "dependsOn": [
                "[resourceId('Microsoft.Storage/storageAccounts', tolower(variables('FunctionName')))]",
                "[resourceId('Microsoft.Insights/components', variables('FunctionName'))]"
            ],
            "kind": "functionapp,linux",
            "identity": {
                "type": "SystemAssigned"
            },
            "properties": {
                "name": "[variables('FunctionName')]",
                "httpsOnly": true,
                "clientAffinityEnabled": true,
                "alwaysOn": true,
                "reserved": true,
                "siteConfig": {
                    "linuxFxVersion": "python|3.9"
                }
            },
            "resources": [
                {
                    "apiVersion": "2018-11-01",
                    "type": "config",
                    "name": "appsettings",
                    "dependsOn": [
                        "[concat('Microsoft.Web/sites/', variables('FunctionName'))]"
                    ],
                    "properties": {
                        "FUNCTIONS_EXTENSION_VERSION": "~4",
                        "FUNCTIONS_WORKER_RUNTIME": "python",
                        "APPINSIGHTS_INSTRUMENTATIONKEY": "[reference(resourceId('Microsoft.insights/components', variables('FunctionName')), '2015-05-01').InstrumentationKey]",
                        "APPLICATIONINSIGHTS_CONNECTION_STRING": "[reference(resourceId('microsoft.insights/components', variables('FunctionName')), '2015-05-01').ConnectionString]",
                        "AzureWebJobsStorage": "[concat('DefaultEndpointsProtocol=https;AccountName=', toLower(variables('FunctionName')),';AccountKey=',listKeys(resourceId('Microsoft.Storage/storageAccounts', toLower(variables('FunctionName'))), '2019-06-01').keys[0].value, ';EndpointSuffix=',toLower(variables('StorageSuffix')))]",
                        "logAnalyticsUri": "[variables('LogAnaltyicsUri')]",
                        "CymruScoutBaseURL": "[trim(parameters('CymruScoutBaseURL'))]",
                        "AuthenticationType": "[parameters('AuthenticationType')]",
                        "TeamCymruScoutUsername": "[trim(parameters('Username'))]",
                        "TeamCymruScoutPassword": "[trim(parameters('Password'))]",
                        "APIKey": "[trim(parameters('APIKey'))]",
                        "IPValues": "[parameters('IPValues')]",
                        "DomainValues": "[parameters('DomainValues')]",
                        "APIType": "[parameters('APIType')]",
                        "AZURE_CLIENT_ID": "[trim(parameters('AzureClientId'))]",
                        "AZURE_CLIENT_SECRET": "[trim(parameters('AzureClientSecret'))]",
                        "AZURE_TENANT_ID": "[trim(parameters('TenantId'))]",
                        "WorkspaceID": "[trim(parameters('WorkspaceID'))]",
                        "WorkspaceKey": "[trim(parameters('WorkspaceKey'))]",
                        "IPTableName": "[trim(parameters('IPTableName'))]",
                        "DomainTableName": "[trim(parameters('DomainTableName'))]",
                        "AccountUsageTableName": "[trim(parameters('AccountUsageTableName'))]",
                        "LogLevel": "[parameters('LogLevel')]",
                        "Schedule": "[trim(parameters('Schedule'))]",
                        "AccountUsageSchedule": "[trim(parameters('AccountUsageSchedule'))]",
                        "WEBSITE_RUN_FROM_PACKAGE": "https://github.com/niralishah-crest/TeamCymruScout/raw/domain-data-collector/TeamCymruScoutDataConnector.zip"
                    }
                }
            ]
        },
        {
            "type": "Microsoft.Storage/storageAccounts/blobServices/containers",
            "apiVersion": "2019-06-01",
            "name": "[concat(variables('FunctionName'), '/default/azure-webjobs-hosts')]",
            "dependsOn": [
                "[resourceId('Microsoft.Storage/storageAccounts/blobServices', variables('FunctionName'), 'default')]",
                "[resourceId('Microsoft.Storage/storageAccounts', variables('FunctionName'))]"
            ],
            "properties": {
                "publicAccess": "None"
            }
        },
        {
            "type": "Microsoft.Storage/storageAccounts/blobServices/containers",
            "apiVersion": "2019-06-01",
            "name": "[concat(variables('FunctionName'), '/default/azure-webjobs-secrets')]",
            "dependsOn": [
                "[resourceId('Microsoft.Storage/storageAccounts/blobServices', variables('FunctionName'), 'default')]",
                "[resourceId('Microsoft.Storage/storageAccounts', variables('FunctionName'))]"
            ],
            "properties": {
                "publicAccess": "None"
            }
        },
        {
            "type": "Microsoft.Storage/storageAccounts/fileServices/shares",
            "apiVersion": "2019-06-01",
            "name": "[concat(variables('FunctionName'), '/default/', tolower(variables('FunctionName')))]",
            "dependsOn": [
                "[resourceId('Microsoft.Storage/storageAccounts/fileServices', variables('FunctionName'), 'default')]",
                "[resourceId('Microsoft.Storage/storageAccounts', variables('FunctionName'))]"
            ],
            "properties": {
                "shareQuota": 5120
            }
        }
    ]
}